time,concentration,subject,pd_model,Emax,EC50,hill,Emin
0,10.000,Subj01,pmm2,90,5.0,1.0,10
0.25,8.913,Subj01,pmm2,90,5.0,1.0,10
0.5,7.943,Subj01,pmm2,90,5.0,1.0,10
1,6.749,Subj01,pmm2,90,5.0,1.0,10
2,5.013,Subj01,pmm2,90,5.0,1.0,10
4,3.160,Subj01,pmm2,90,5.0,1.0,10
8,1.994,Subj01,pmm2,90,5.0,1.0,10
12,1.258,Subj01,pmm2,90,5.0,1.0,10
24,0.316,Subj01,pmm2,90,5.0,1.0,10
48,0.010,Subj01,pmm2,90,5.0,1.0,10

0,8.000,Subj02,pmm2,90,5.0,1.0,10
0.25,7.130,Subj02,pmm2,90,5.0,1.0,10
0.5,6.353,Subj02,pmm2,90,5.0,1.0,10
1,5.402,Subj02,pmm2,90,5.0,1.0,10
2,4.016,Subj02,pmm2,90,5.0,1.0,10
4,2.532,Subj02,pmm2,90,5.0,1.0,10
8,1.596,Subj02,pmm2,90,5.0,1.0,10
12,1.006,Subj02,pmm2,90,5.0,1.0,10
24,0.253,Subj02,pmm2,90,5.0,1.0,10
48,0.008,Subj02,pmm2,90,5.0,1.0,10

0,12.000,Subj03,pmm2,90,5.0,1.0,10
0.25,10.620,Subj03,pmm2,90,5.0,1.0,10
0.5,9.464,Subj03,pmm2,90,5.0,1.0,10
1,8.062,Subj03,pmm2,90,5.0,1.0,10
2,5.871,Subj03,pmm2,90,5.0,1.0,10
4,3.702,Subj03,pmm2,90,5.0,1.0,10
8,2.340,Subj03,pmm2,90,5.0,1.0,10
12,1.476,Subj03,pmm2,90,5.0,1.0,10
24,0.370,Subj03,pmm2,90,5.0,1.0,10
48,0.012,Subj03,pmm2,90,5.0,1.0,10
