time,subject,expected_activity_pct
0,Subj01,82.73
0.25,Subj01,81.92
0.5,Subj01,81.05
1,Subj01,79.70
2,Subj01,76.70
4,Subj01,70.77
8,Subj01,63.27
12,Subj01,54.55
24,Subj01,29.20
48,Subj01,10.79

0,Subj02,78.67
0.25,Subj02,78.08
0.5,Subj02,77.42
1,Subj02,76.11
2,Subj02,73.73
4,Subj02,69.09
8,Subj02,61.95
12,Subj02,53.96
24,Subj02,28.71
48,Subj02,10.79

0,Subj03,84.86
0.25,Subj03,83.86
0.5,Subj03,82.90
1,Subj03,81.44
2,Subj03,77.81
4,Subj03,71.62
8,Subj03,64.50
12,Subj03,55.43
24,Subj03,30.01
48,Subj03,10.83
