subject,species,dose,time,concentration
S1,Homo sapiens,100,0,4.23898
S1,Homo sapiens,100,0.1,4.386946
S1,Homo sapiens,100,0.25,3.881333
S1,Homo sapiens,100,0.5,3.510708
S1,Homo sapiens,100,0.75,3.173317
S1,Homo sapiens,100,1,2.797237
S1,Homo sapiens,100,1.5,2.204948
S1,Homo sapiens,100,2.143,1.541231
S1,Homo sapiens,100,2.786,1.101215
S1,Homo sapiens,100,3.429,0.813559
S1,Homo sapiens,100,4.071,0.545218
S1,Homo sapiens,100,4.714,0.400737
S1,Homo sapiens,100,5.357,0.292848
S1,Homo sapiens,100,6,0.216171
S1,Homo sapiens,100,6.643,0.16835
S1,Homo sapiens,100,7.286,0.11455
S1,Homo sapiens,100,7.929,0.085419
S1,Homo sapiens,100,8.571,0.067465
S1,Homo sapiens,100,9.214,0.045111
S1,Homo sapiens,100,9.857,0.034606
S1,Homo sapiens,100,10.5,0.023123
S1,Homo sapiens,100,11.143,0.017418
S1,Homo sapiens,100,11.786,0.01219
S1,Homo sapiens,100,12.429,0.009129
S1,Homo sapiens,100,13.071,0.007034
S1,Homo sapiens,100,13.714,0.004494
S1,Homo sapiens,100,14.357,0.003637
S1,Homo sapiens,100,15,0.002617
S1,Homo sapiens,100,15.643,0.001823
S1,Homo sapiens,100,16.286,0.001269
S1,Homo sapiens,100,16.929,0.000995
S1,Homo sapiens,100,17.571,0.000701
S1,Homo sapiens,100,18.214,0.000529
S1,Homo sapiens,100,18.857,0.000381
S1,Homo sapiens,100,19.5,0.000299
S1,Homo sapiens,100,20.143,0.000198
S1,Homo sapiens,100,20.786,0.000139
S1,Homo sapiens,100,21.429,0.000107
S1,Homo sapiens,100,22.071,7.80E-05
S1,Homo sapiens,100,22.714,6.00E-05
S1,Homo sapiens,100,23.357,4.20E-05
S1,Homo sapiens,100,24,3.00E-05
